{"cameraMode":{"drawMode":0,"name":"Shaded","section":"Shading Mode"},"sceneLighting":true,"audioPlay":false,"sceneViewState":{"showFog":true,"showMaterialUpdate":false,"showSkybox":true,"showFlares":true,"showImageEffects":true,"showParticleSystems":true},"in2DMode":false,"pivot":{"x":-1.2301025390625,"y":2.2707631587982179,"z":-0.3534412384033203},"rotation":{"x":-0.021264653652906419,"y":0.8820383548736572,"z":-0.03999223932623863,"w":-0.4689961373806},"size":19.7802734375,"orthographic":false}